order_id,customer_id,order_date,payment_method
1,190,2023-03-10,PayPal
2,122,2023-12-15,Credit Card
3,46,2023-11-16,Credit Card
4,64,2023-02-18,Gift Card
5,130,2023-03-15,Gift Card
6,310,2023-07-11,Gift Card
7,363,2023-09-18,Credit Card
8,193,2023-12-22,PayPal
9,307,2023-03-11,PayPal
10,181,2023-03-31,Credit Card
11,292,2023-09-17,Debit
12,371,2023-05-06,PayPal
13,282,2023-08-19,Gift Card
14,29,2023-10-22,Debit
15,149,2023-05-09,Debit
16,267,2023-10-07,PayPal
17,296,2023-11-09,Debit
18,11,2023-04-10,Debit
19,164,2023-11-22,PayPal
20,113,2023-10-24,PayPal
21,187,2023-07-01,Debit
22,295,2023-06-23,Gift Card
23,232,2023-11-12,Credit Card
24,227,2023-12-30,Debit
25,310,2023-07-07,Debit
26,98,2023-02-26,Gift Card
27,55,2023-01-31,Debit
28,111,2023-03-25,Debit
29,152,2023-06-01,Credit Card
30,246,2023-02-05,Credit Card
31,406,2023-08-01,Credit Card
32,69,2023-12-30,PayPal
33,312,2023-04-16,PayPal
34,289,2023-12-08,Credit Card
35,250,2023-08-08,Credit Card
36,36,2024-01-26,PayPal
37,239,2023-06-12,Gift Card
38,148,2023-08-08,Debit
39,467,2023-09-27,Debit
40,227,2023-04-30,Credit Card
41,244,2024-01-29,Gift Card
42,491,2023-12-02,PayPal
43,337,2023-07-01,Credit Card
44,446,2023-04-16,Gift Card
45,365,2023-08-05,Gift Card
46,491,2023-07-24,Gift Card
47,482,2023-03-11,PayPal
48,201,2023-02-13,PayPal
49,154,2023-11-25,Debit
50,450,2023-10-28,Debit
51,73,2023-08-16,Gift Card
52,201,2023-07-03,Gift Card
53,296,2023-04-17,PayPal
54,17,2023-03-25,Debit
55,129,2023-12-04,Gift Card
56,217,2023-09-07,Debit
57,61,2023-12-29,Debit
58,427,2023-01-21,Gift Card
59,104,2023-07-15,PayPal
60,42,2023-06-27,Gift Card
61,25,2023-01-07,Gift Card
62,39,2023-03-11,Debit
63,291,2023-05-07,Gift Card
64,131,2023-06-09,PayPal
65,498,2023-09-05,Gift Card
66,229,2023-07-22,PayPal
67,108,2023-05-28,PayPal
68,172,2023-05-23,Debit
69,435,2023-07-18,Credit Card
70,478,2023-06-03,Credit Card
71,102,2024-01-11,Debit
72,354,2024-01-19,Gift Card
73,12,2023-05-22,Debit
74,275,2023-11-09,PayPal
75,101,2023-06-14,Credit Card
76,44,2023-11-10,Debit
77,443,2023-01-21,Gift Card
78,305,2023-03-23,Debit
79,445,2023-03-10,Credit Card
80,17,2023-05-11,Debit
81,330,2023-03-28,Debit
82,57,2023-08-06,Credit Card
83,311,2023-11-01,PayPal
84,497,2024-01-06,PayPal
85,303,2023-12-11,Credit Card
86,12,2023-12-07,Debit
87,318,2024-01-19,Credit Card
88,80,2024-01-31,PayPal
89,216,2023-06-10,Gift Card
90,339,2023-06-27,Debit
91,264,2023-04-27,PayPal
92,479,2023-07-15,Debit
93,149,2024-01-18,Credit Card
94,81,2023-11-23,Gift Card
95,215,2023-03-27,Credit Card
96,485,2023-10-16,Gift Card
97,374,2023-03-22,Debit
98,464,2023-06-01,Debit
99,198,2023-03-02,Credit Card
100,200,2023-03-02,Gift Card
101,25,2023-12-20,Gift Card
102,466,2023-01-28,Debit
103,89,2023-02-12,Credit Card
104,268,2023-06-18,Gift Card
105,143,2023-03-27,Debit
106,59,2023-06-26,PayPal
107,410,2023-01-17,Credit Card
108,489,2023-04-08,PayPal
109,365,2023-07-17,Credit Card
110,26,2023-04-08,Debit
111,47,2023-03-06,Gift Card
112,288,2023-11-26,Gift Card
113,266,2023-12-07,Gift Card
114,16,2023-01-05,Credit Card
115,199,2023-01-02,Debit
116,401,2023-01-22,PayPal
117,407,2023-04-22,Debit
118,282,2023-02-26,PayPal
119,469,2023-03-07,Credit Card
120,86,2023-11-26,Credit Card
121,250,2023-04-08,PayPal
122,391,2023-05-24,PayPal
123,270,2024-01-03,PayPal
124,335,2023-05-05,Debit
125,117,2023-06-16,PayPal
126,7,2023-03-27,Credit Card
127,137,2023-03-17,Credit Card
128,371,2023-12-10,Gift Card
129,176,2023-10-21,PayPal
130,328,2023-02-28,Debit
131,498,2023-05-18,Debit
132,315,2023-04-09,Debit
133,215,2023-07-11,Gift Card
134,477,2023-08-31,Credit Card
135,82,2023-11-15,Debit
136,223,2023-02-18,Credit Card
137,478,2023-02-01,Gift Card
138,372,2024-01-26,PayPal
139,423,2023-10-04,PayPal
140,483,2023-01-20,PayPal
141,402,2023-06-03,Debit
142,443,2024-01-18,PayPal
143,490,2023-03-09,Debit
144,103,2024-01-01,Gift Card
145,273,2024-01-07,Gift Card
146,14,2023-08-02,Debit
147,159,2023-05-23,Credit Card
148,152,2024-01-11,PayPal
149,483,2023-08-20,PayPal
150,108,2023-08-01,PayPal
151,188,2023-03-20,Debit
152,301,2023-08-02,Gift Card
153,98,2023-04-26,PayPal
154,131,2023-04-02,Gift Card
155,293,2023-09-27,PayPal
156,171,2024-01-16,PayPal
157,424,2023-06-17,Debit
158,474,2023-02-27,Credit Card
159,183,2023-10-11,Debit
160,471,2023-01-26,PayPal
161,364,2024-01-04,PayPal
162,39,2023-03-07,Credit Card
163,15,2023-09-05,Gift Card
164,376,2023-09-11,Gift Card
165,497,2024-01-22,PayPal
166,4,2023-02-13,Gift Card
167,349,2023-04-07,PayPal
168,470,2023-02-11,Credit Card
169,409,2023-08-15,Credit Card
170,397,2023-09-19,PayPal
171,210,2023-06-16,Credit Card
172,161,2023-10-06,Debit
173,16,2023-03-30,Debit
174,493,2024-01-14,Credit Card
175,426,2023-06-27,PayPal
176,108,2023-07-16,PayPal
177,382,2023-11-03,Credit Card
178,450,2023-09-24,Gift Card
179,311,2023-09-25,Debit
180,227,2023-03-15,Gift Card
181,170,2023-01-08,PayPal
182,34,2023-10-24,PayPal
183,414,2023-06-13,Gift Card
184,251,2023-03-26,Credit Card
185,247,2023-03-13,Gift Card
186,269,2023-02-24,Gift Card
187,141,2024-01-28,Debit
188,274,2023-02-16,Debit
189,416,2023-08-26,Gift Card
190,96,2023-04-14,Gift Card
191,227,2023-07-29,PayPal
192,379,2023-02-11,Debit
193,39,2023-11-12,Debit
194,302,2023-09-25,PayPal
195,500,2024-01-21,Credit Card
196,29,2023-09-20,Debit
197,446,2023-12-02,Debit
198,497,2024-01-22,Credit Card
199,477,2023-12-31,Debit
200,318,2023-09-16,Debit
201,245,2023-10-10,Credit Card
202,236,2023-04-24,Credit Card
203,185,2023-12-29,Gift Card
204,272,2023-02-09,PayPal
205,440,2023-08-08,PayPal
206,236,2023-05-09,Credit Card
207,239,2023-01-08,Credit Card
208,377,2023-04-11,Debit
209,266,2024-01-15,Gift Card
210,414,2023-06-25,Gift Card
211,409,2023-04-17,Credit Card
212,359,2023-04-11,Debit
213,340,2023-09-17,Debit
214,389,2024-01-01,PayPal
215,65,2023-09-03,PayPal
216,478,2023-10-02,Debit
217,177,2023-02-01,PayPal
218,3,2023-05-17,Credit Card
219,429,2023-01-12,Debit
220,142,2024-01-30,PayPal
221,376,2023-10-29,Gift Card
222,158,2024-01-10,Debit
223,498,2023-01-16,Debit
224,324,2023-05-09,Gift Card
225,146,2023-03-04,Credit Card
226,446,2023-04-19,Gift Card
227,293,2024-01-10,Debit
228,153,2023-01-21,Credit Card
229,432,2023-06-07,PayPal
230,193,2023-09-26,PayPal
231,437,2023-06-11,PayPal
232,494,2023-09-17,Debit
233,463,2023-04-12,Gift Card
234,73,2023-08-11,Credit Card
235,399,2023-02-28,PayPal
236,305,2023-09-04,Credit Card
237,377,2023-05-08,Debit
238,344,2023-10-10,PayPal
239,452,2023-11-21,Debit
240,140,2023-01-25,Gift Card
241,187,2023-05-11,Debit
242,293,2023-12-19,Debit
243,61,2023-07-15,Gift Card
244,485,2023-10-08,Credit Card
245,427,2023-06-03,Gift Card
246,380,2024-01-17,Gift Card
247,198,2023-05-13,Debit
248,295,2023-08-15,Credit Card
249,440,2023-07-08,PayPal
250,319,2023-09-22,Gift Card
251,302,2024-01-07,Credit Card
252,344,2023-05-14,Gift Card
253,11,2023-07-30,Gift Card
254,62,2023-03-01,Gift Card
255,333,2024-01-12,Gift Card
256,226,2024-01-30,Debit
257,153,2023-12-30,Credit Card
258,199,2023-12-30,Credit Card
259,52,2023-08-01,Credit Card
260,260,2023-08-04,Gift Card
261,59,2023-08-14,Debit
262,72,2023-05-11,Gift Card
263,148,2023-03-17,Gift Card
264,349,2023-10-13,Credit Card
265,63,2023-10-04,Gift Card
266,310,2023-06-05,PayPal
267,373,2023-09-05,Gift Card
268,243,2023-08-06,PayPal
269,493,2023-07-09,Gift Card
270,366,2023-06-12,Debit
271,330,2023-06-29,Debit
272,107,2023-02-03,Credit Card
273,226,2023-02-10,Gift Card
274,313,2023-11-03,PayPal
275,218,2023-12-04,PayPal
276,425,2023-11-10,Gift Card
277,241,2023-03-16,PayPal
278,259,2023-10-06,Debit
279,376,2023-06-25,PayPal
280,262,2024-01-19,Credit Card
281,5,2023-05-30,Debit
282,261,2023-09-30,Debit
283,54,2023-11-21,Debit
284,47,2023-04-18,Gift Card
285,215,2023-05-19,Gift Card
286,177,2023-12-16,Debit
287,9,2023-09-28,Gift Card
288,99,2023-12-13,PayPal
289,20,2023-10-16,Gift Card
290,378,2023-07-31,Gift Card
291,241,2024-01-16,Debit
292,61,2023-09-29,Credit Card
293,379,2023-03-07,Credit Card
294,490,2023-09-05,Credit Card
295,419,2023-06-05,PayPal
296,178,2023-02-16,Gift Card
297,338,2023-07-20,Credit Card
298,62,2023-05-28,Debit
299,145,2023-05-04,Credit Card
300,216,2023-01-01,Credit Card
301,3,2023-09-04,Gift Card
302,160,2023-12-09,Gift Card
303,227,2023-05-08,Gift Card
304,486,2023-07-10,PayPal
305,269,2023-03-08,PayPal
306,120,2023-01-04,Credit Card
307,381,2023-10-30,Gift Card
308,495,2023-10-21,Credit Card
309,89,2023-05-23,Debit
310,329,2023-07-10,Debit
311,68,2023-01-21,Gift Card
312,398,2023-08-15,Gift Card
313,357,2023-11-09,Debit
314,98,2023-04-27,Gift Card
315,267,2023-10-29,PayPal
316,105,2023-05-22,PayPal
317,440,2023-02-08,Gift Card
318,323,2024-01-28,Debit
319,123,2023-12-21,Credit Card
320,476,2023-09-09,Gift Card
321,29,2023-11-29,Gift Card
322,137,2023-07-26,Credit Card
323,195,2023-07-29,Gift Card
324,409,2023-04-25,Credit Card
325,226,2023-08-13,Debit
326,332,2023-05-14,PayPal
327,170,2023-09-08,Debit
328,9,2023-08-07,PayPal
329,463,2023-04-01,Credit Card
330,40,2023-12-20,PayPal
331,25,2024-01-11,Debit
332,261,2023-02-15,PayPal
333,395,2023-02-07,Credit Card
334,443,2023-05-22,PayPal
335,226,2023-04-10,Gift Card
336,472,2023-11-24,Debit
337,124,2023-07-09,Gift Card
338,463,2023-02-04,Credit Card
339,38,2023-05-27,PayPal
340,328,2023-01-30,Gift Card
341,251,2023-11-30,Gift Card
342,389,2023-03-25,PayPal
343,176,2024-01-04,PayPal
344,90,2023-10-08,Debit
345,402,2023-12-10,Gift Card
346,454,2023-09-27,Gift Card
347,37,2023-06-03,Credit Card
348,316,2023-04-12,Debit
349,176,2023-08-03,Credit Card
350,461,2023-05-30,Gift Card
351,284,2023-03-24,Credit Card
352,453,2023-04-20,Gift Card
353,461,2024-01-22,Gift Card
354,81,2023-10-02,Credit Card
355,114,2023-07-20,Credit Card
356,40,2023-10-11,PayPal
357,301,2023-06-22,PayPal
358,224,2023-11-23,PayPal
359,318,2023-07-25,Gift Card
360,349,2023-03-04,Credit Card
361,115,2023-03-14,Debit
362,186,2023-09-08,Gift Card
363,323,2023-05-04,Debit
364,56,2024-01-10,Credit Card
365,40,2023-05-01,Gift Card
366,354,2023-10-02,Debit
367,40,2023-04-30,Debit
368,347,2023-11-13,PayPal
369,461,2023-06-13,PayPal
370,237,2023-10-13,PayPal
371,289,2023-09-22,Gift Card
372,262,2023-11-16,Credit Card
373,216,2023-06-10,Credit Card
374,147,2024-01-11,PayPal
375,336,2023-11-04,PayPal
376,168,2023-03-30,PayPal
377,92,2023-05-22,Debit
378,353,2023-07-22,PayPal
379,59,2023-11-05,Debit
380,59,2023-08-15,Credit Card
381,304,2023-11-30,Gift Card
382,169,2023-08-10,Gift Card
383,269,2023-02-10,Gift Card
384,363,2023-07-15,Gift Card
385,45,2023-03-09,Debit
386,345,2023-09-21,Debit
387,181,2023-01-02,PayPal
388,170,2023-12-27,Debit
389,356,2023-05-05,PayPal
390,191,2023-04-20,PayPal
391,155,2023-03-27,Gift Card
392,422,2023-04-30,Debit
393,188,2023-05-07,Debit
394,7,2023-09-12,PayPal
395,133,2023-07-02,PayPal
396,235,2023-01-16,Credit Card
397,45,2023-03-03,Credit Card
398,314,2024-01-04,PayPal
399,249,2023-06-07,Credit Card
400,499,2023-09-25,Credit Card
401,31,2023-02-04,PayPal
402,23,2023-09-24,PayPal
403,426,2023-03-05,Debit
404,394,2023-02-19,PayPal
405,160,2023-09-12,PayPal
406,363,2023-05-29,Gift Card
407,437,2023-11-21,Debit
408,158,2023-10-31,Debit
409,39,2023-10-03,Debit
410,415,2023-12-23,Gift Card
411,82,2023-06-21,PayPal
412,356,2023-07-20,Debit
413,258,2024-01-28,Debit
414,206,2023-11-20,Credit Card
415,77,2023-02-04,Debit
416,477,2023-08-04,PayPal
417,12,2023-03-06,PayPal
418,295,2023-01-08,Credit Card
419,450,2023-10-28,Debit
420,224,2023-12-09,Debit
421,13,2023-11-28,Debit
422,46,2023-03-17,Gift Card
423,155,2023-06-23,Debit
424,113,2023-02-16,PayPal
425,233,2023-01-15,PayPal
426,17,2023-12-27,Gift Card
427,360,2023-05-27,Gift Card
428,223,2023-01-26,Debit
429,354,2023-11-04,Credit Card
430,188,2023-04-03,Gift Card
431,448,2023-08-20,Gift Card
432,344,2023-01-21,Debit
433,365,2023-11-03,Debit
434,163,2023-02-07,Gift Card
435,496,2023-10-03,Credit Card
436,326,2023-06-06,Gift Card
437,467,2023-06-28,Debit
438,414,2023-05-12,Debit
439,455,2023-11-07,Gift Card
440,74,2023-12-14,Credit Card
441,233,2023-01-28,Gift Card
442,224,2023-09-17,Gift Card
443,482,2023-03-17,Debit
444,319,2023-03-08,Credit Card
445,412,2023-12-08,PayPal
446,60,2023-07-13,Credit Card
447,335,2023-06-11,Gift Card
448,222,2023-12-13,Gift Card
449,37,2023-12-27,Gift Card
450,477,2023-09-14,Credit Card
451,278,2023-03-13,Debit
452,196,2023-03-28,Gift Card
453,404,2023-09-19,Gift Card
454,352,2023-08-02,Credit Card
455,484,2023-06-02,PayPal
456,242,2023-07-29,PayPal
457,324,2023-03-02,Debit
458,219,2023-09-25,Debit
459,192,2023-09-19,Gift Card
460,17,2023-08-06,Credit Card
461,12,2023-10-10,Gift Card
462,406,2023-05-16,Debit
463,401,2024-01-15,Credit Card
464,394,2023-12-28,Credit Card
465,374,2023-04-03,Debit
466,193,2023-04-19,PayPal
467,22,2023-08-29,PayPal
468,474,2023-12-21,Credit Card
469,120,2023-05-22,Gift Card
470,210,2023-10-18,PayPal
471,306,2023-08-25,Gift Card
472,270,2023-12-06,PayPal
473,192,2023-11-08,PayPal
474,175,2023-06-26,Gift Card
475,285,2023-05-21,Debit
476,204,2023-07-08,PayPal
477,164,2023-02-18,PayPal
478,251,2023-10-29,Gift Card
479,227,2024-01-04,Debit
480,436,2023-07-09,PayPal
481,381,2023-05-16,PayPal
482,460,2023-02-12,Debit
483,7,2024-01-15,PayPal
484,29,2023-12-19,Debit
485,395,2023-03-31,Debit
486,33,2023-10-22,Gift Card
487,134,2023-12-07,Credit Card
488,367,2023-09-02,Debit
489,79,2023-07-11,Gift Card
490,416,2023-11-14,Credit Card
491,435,2023-04-16,PayPal
492,459,2023-12-29,Credit Card
493,58,2023-11-06,Debit
494,471,2024-01-17,Debit
495,26,2023-08-21,Debit
496,482,2023-09-22,Debit
497,430,2023-12-10,Debit
498,226,2023-02-06,Gift Card
499,285,2023-11-01,Debit
500,4,2023-02-10,Gift Card
501,465,2023-01-17,PayPal
502,99,2023-12-10,Debit
503,397,2023-10-04,Debit
504,489,2023-11-03,Credit Card
505,39,2023-02-28,PayPal
506,271,2023-07-02,Debit
507,375,2023-02-10,Debit
508,285,2023-02-08,PayPal
509,157,2023-07-11,Gift Card
510,75,2023-09-24,Debit
511,372,2023-05-27,Credit Card
512,288,2024-01-30,Debit
513,130,2023-11-29,Credit Card
514,175,2023-05-07,Credit Card
515,462,2023-02-15,Debit
516,84,2023-02-14,Debit
517,22,2023-01-01,Credit Card
518,459,2023-06-17,PayPal
519,27,2023-04-18,PayPal
520,195,2023-01-19,Debit
521,337,2023-11-28,Gift Card
522,382,2023-03-13,PayPal
523,236,2023-04-19,Debit
524,440,2023-09-25,PayPal
525,92,2023-08-28,Gift Card
526,477,2023-10-28,Debit
527,21,2023-03-31,Gift Card
528,303,2023-04-13,Debit
529,464,2023-09-07,Gift Card
530,357,2023-01-08,PayPal
531,443,2023-06-02,PayPal
532,84,2023-12-13,Gift Card
533,262,2023-06-23,Gift Card
534,147,2023-12-09,Gift Card
535,441,2023-06-07,Debit
536,453,2023-08-03,PayPal
537,387,2023-06-26,Debit
538,257,2023-06-24,PayPal
539,58,2023-12-06,Credit Card
540,380,2023-12-04,Debit
541,422,2023-05-26,PayPal
542,15,2023-11-20,PayPal
543,162,2023-06-10,Debit
544,445,2023-05-07,Debit
545,163,2023-03-23,PayPal
546,320,2023-05-27,Debit
547,497,2023-08-27,Gift Card
548,281,2023-03-25,Debit
549,280,2023-04-23,Debit
550,12,2023-08-13,Debit
551,274,2023-11-28,PayPal
552,271,2024-01-13,Gift Card
553,492,2023-08-31,Credit Card
554,208,2023-05-23,Credit Card
555,27,2023-02-10,Gift Card
556,72,2023-09-15,Gift Card
557,60,2023-10-12,Gift Card
558,430,2023-04-15,PayPal
559,473,2023-07-21,Credit Card
560,145,2023-11-03,Gift Card
561,93,2023-11-27,PayPal
562,309,2023-09-23,Credit Card
563,8,2023-07-29,Debit
564,79,2023-02-20,PayPal
565,27,2023-04-28,Credit Card
566,174,2023-07-20,PayPal
567,50,2024-01-12,Credit Card
568,500,2023-02-08,Credit Card
569,199,2023-01-28,Debit
570,387,2023-09-16,PayPal
571,349,2023-03-25,Gift Card
572,448,2023-06-04,Debit
573,428,2023-04-27,Debit
574,181,2023-01-02,Credit Card
575,24,2023-04-03,Gift Card
576,316,2023-06-15,PayPal
577,378,2024-01-22,Gift Card
578,387,2023-12-16,Gift Card
579,404,2023-10-23,Gift Card
580,46,2023-09-15,Gift Card
581,15,2023-03-22,Gift Card
582,153,2023-09-25,Credit Card
583,222,2023-08-23,Credit Card
584,206,2023-11-17,Debit
585,455,2023-11-07,Credit Card
586,273,2023-10-28,Debit
587,382,2023-12-23,Debit
588,236,2023-08-01,PayPal
589,340,2023-03-03,Gift Card
590,228,2023-02-18,Credit Card
591,9,2023-05-07,PayPal
592,166,2023-08-11,Credit Card
593,432,2023-10-06,Debit
594,444,2023-10-21,Credit Card
595,319,2023-10-11,Gift Card
596,214,2023-10-04,Debit
597,117,2023-04-17,Debit
598,386,2023-05-26,PayPal
599,344,2023-04-09,Gift Card
600,72,2024-01-10,Debit
601,395,2023-03-14,Gift Card
602,64,2023-05-02,Credit Card
603,205,2023-01-30,Gift Card
604,209,2023-07-07,Debit
605,72,2023-12-30,PayPal
606,277,2023-12-20,Debit
607,274,2023-10-15,Gift Card
608,478,2023-07-14,Gift Card
609,320,2023-06-05,Debit
610,338,2023-06-21,Gift Card
611,366,2023-12-01,Credit Card
612,495,2023-02-10,Debit
613,95,2023-03-04,PayPal
614,166,2023-01-23,Debit
615,32,2023-12-26,Credit Card
616,11,2023-03-16,Credit Card
617,301,2023-02-17,Credit Card
618,217,2023-06-09,Credit Card
619,289,2023-11-09,Credit Card
620,102,2023-04-28,PayPal
621,425,2023-04-10,Gift Card
622,392,2024-01-15,Credit Card
623,267,2023-06-16,Credit Card
624,214,2023-10-17,Debit
625,179,2023-06-05,PayPal
626,88,2023-01-07,PayPal
627,41,2023-07-15,Gift Card
628,401,2023-02-25,PayPal
629,76,2023-11-17,Debit
630,377,2023-07-12,Debit
631,46,2023-02-16,Gift Card
632,160,2023-05-28,Debit
633,463,2023-10-02,Credit Card
634,80,2023-06-06,Credit Card
635,310,2023-07-21,Debit
636,86,2023-05-06,Gift Card
637,92,2024-01-30,PayPal
638,148,2023-11-01,Gift Card
639,161,2024-01-04,PayPal
640,202,2023-10-21,Debit
641,424,2023-03-05,Debit
642,416,2023-11-21,Credit Card
643,242,2024-01-27,PayPal
644,353,2023-06-25,Gift Card
645,2,2023-04-26,Debit
646,225,2023-07-23,Gift Card
647,289,2023-11-17,Credit Card
648,233,2023-01-31,PayPal
649,461,2024-01-23,PayPal
650,414,2023-04-23,Debit
651,417,2023-12-31,PayPal
652,77,2023-11-21,Debit
653,116,2024-01-11,Credit Card
654,154,2023-12-10,PayPal
655,406,2023-03-08,Debit
656,103,2023-03-16,Gift Card
657,194,2023-02-14,Debit
658,166,2023-09-17,PayPal
659,359,2023-06-03,Credit Card
660,90,2023-06-04,PayPal
661,174,2023-12-29,PayPal
662,122,2023-08-22,Debit
663,498,2023-02-20,Gift Card
664,143,2023-11-02,PayPal
665,482,2023-09-19,Gift Card
666,106,2023-11-11,Debit
667,375,2023-05-05,Gift Card
668,428,2023-09-02,Debit
669,305,2023-01-30,Credit Card
670,360,2023-05-02,Gift Card
671,459,2023-05-05,Gift Card
672,317,2023-02-06,Credit Card
673,451,2023-06-19,Gift Card
674,123,2023-05-04,Credit Card
675,390,2023-12-23,PayPal
676,9,2023-02-04,Debit
677,262,2023-03-28,Credit Card
678,73,2023-05-14,Gift Card
679,359,2023-07-15,Credit Card
680,223,2023-10-01,Gift Card
681,416,2023-07-20,PayPal
682,41,2024-01-04,Credit Card
683,370,2023-10-12,PayPal
684,204,2023-03-18,Debit
685,264,2023-02-28,Gift Card
686,328,2023-05-06,Gift Card
687,178,2023-04-19,PayPal
688,348,2023-08-12,Debit
689,318,2023-10-05,Credit Card
690,84,2023-03-09,Credit Card
691,318,2023-03-10,Gift Card
692,111,2023-06-14,PayPal
693,251,2023-11-01,PayPal
694,383,2023-06-11,Credit Card
695,7,2023-12-31,Debit
696,459,2023-12-08,Debit
697,84,2023-11-05,Credit Card
698,208,2024-01-14,Credit Card
699,388,2023-12-09,PayPal
700,390,2024-01-22,Debit
701,314,2023-02-11,Credit Card
702,22,2023-12-20,Credit Card
703,410,2023-04-19,Gift Card
704,383,2023-02-20,Credit Card
705,3,2023-09-07,Credit Card
706,127,2023-12-07,Debit
707,297,2024-01-18,PayPal
708,188,2023-01-21,Debit
709,362,2023-10-27,PayPal
710,14,2023-05-19,Gift Card
711,459,2023-12-25,Credit Card
712,466,2023-11-20,Gift Card
713,12,2024-01-20,PayPal
714,87,2023-04-02,Debit
715,12,2023-10-07,Debit
716,397,2023-05-05,Gift Card
717,25,2023-04-21,PayPal
718,301,2023-12-20,Gift Card
719,243,2023-05-19,Gift Card
720,122,2023-09-30,Credit Card
721,147,2023-04-09,Gift Card
722,55,2023-09-09,Credit Card
723,238,2023-12-04,Credit Card
724,356,2023-04-14,Debit
725,173,2023-08-02,Credit Card
726,392,2023-09-06,Credit Card
727,221,2023-06-01,Debit
728,119,2023-09-07,Gift Card
729,309,2023-10-02,PayPal
730,183,2023-06-14,PayPal
731,288,2023-12-07,PayPal
732,307,2023-01-08,Gift Card
733,300,2023-10-11,Credit Card
734,82,2023-01-05,PayPal
735,454,2023-05-25,Gift Card
736,402,2023-04-11,Credit Card
737,211,2023-06-13,Debit
738,150,2024-01-09,PayPal
739,37,2023-05-27,Credit Card
740,352,2023-03-05,PayPal
741,312,2023-04-01,PayPal
742,361,2023-04-27,PayPal
743,59,2023-12-20,Credit Card
744,131,2023-09-24,Gift Card
745,412,2023-11-06,Credit Card
746,202,2023-06-22,PayPal
747,243,2023-02-16,Credit Card
748,35,2023-05-20,Debit
749,445,2023-09-03,Gift Card
750,93,2023-05-29,Credit Card
751,438,2023-09-03,Debit
752,447,2024-01-30,Gift Card
753,207,2023-01-05,Debit
754,353,2023-07-03,Gift Card
755,391,2023-01-20,Credit Card
756,332,2023-02-15,Debit
757,305,2023-01-12,PayPal
758,350,2023-03-11,Debit
759,213,2023-01-17,Gift Card
760,159,2024-01-06,Credit Card
761,442,2023-05-27,Gift Card
762,445,2023-06-03,Debit
763,24,2023-10-31,Debit
764,404,2023-04-18,PayPal
765,293,2023-08-24,Credit Card
766,4,2023-11-04,Credit Card
767,220,2023-12-18,Debit
768,364,2023-03-11,Credit Card
769,382,2023-07-02,PayPal
770,20,2023-09-07,Gift Card
771,444,2023-08-16,Credit Card
772,152,2023-04-12,Debit
773,50,2023-03-16,Gift Card
774,177,2023-08-04,Gift Card
775,435,2023-07-22,PayPal
776,96,2023-07-11,Debit
777,105,2023-09-06,Credit Card
778,420,2023-08-30,Debit
779,250,2023-06-28,Gift Card
780,117,2023-08-07,Debit
781,354,2023-03-23,Credit Card
782,228,2023-04-02,Credit Card
783,66,2023-06-24,PayPal
784,335,2023-08-27,Credit Card
785,418,2023-09-17,Credit Card
786,420,2024-01-26,Debit
787,262,2023-12-31,Debit
788,295,2023-06-12,Gift Card
789,426,2023-02-17,PayPal
790,243,2023-11-25,Debit
791,371,2023-11-24,Credit Card
792,186,2023-04-26,Gift Card
793,246,2023-12-03,Debit
794,125,2023-12-03,PayPal
795,268,2024-01-04,PayPal
796,131,2023-08-13,Gift Card
797,237,2023-12-18,Gift Card
798,18,2023-11-24,Gift Card
799,40,2023-05-27,Gift Card
800,21,2023-03-04,Gift Card
801,399,2023-10-21,Credit Card
802,225,2023-11-19,Credit Card
803,355,2023-11-21,Debit
804,282,2023-01-13,PayPal
805,8,2023-07-08,Credit Card
806,100,2023-10-14,Credit Card
807,240,2023-07-27,Credit Card
808,478,2023-04-24,Debit
809,87,2023-01-22,Gift Card
810,298,2023-12-15,Debit
811,428,2023-08-02,PayPal
812,14,2023-06-20,PayPal
813,334,2023-11-19,PayPal
814,2,2023-02-23,PayPal
815,375,2024-01-29,Credit Card
816,293,2023-10-25,Credit Card
817,325,2023-11-16,Debit
818,422,2023-05-06,Gift Card
819,493,2023-10-04,PayPal
820,41,2023-07-23,Debit
821,318,2023-07-13,Credit Card
822,316,2023-06-18,Credit Card
823,381,2023-06-01,Gift Card
824,111,2023-02-04,Gift Card
825,14,2023-07-03,Gift Card
826,231,2023-10-13,Debit
827,473,2023-02-26,Credit Card
828,84,2023-08-10,Credit Card
829,130,2023-10-30,Gift Card
830,231,2023-06-12,PayPal
831,326,2023-01-19,Gift Card
832,145,2024-01-05,Debit
833,379,2023-09-21,Gift Card
834,345,2023-10-09,Gift Card
835,28,2023-04-23,Debit
836,66,2023-11-23,Gift Card
837,163,2023-01-30,Credit Card
838,229,2023-05-15,PayPal
839,261,2023-03-08,Gift Card
840,449,2023-03-06,Debit
841,424,2023-10-19,PayPal
842,460,2023-01-25,Debit
843,440,2023-02-06,PayPal
844,164,2023-01-01,PayPal
845,301,2023-02-06,Gift Card
846,407,2023-05-21,Credit Card
847,303,2023-08-20,Gift Card
848,287,2023-05-16,Debit
849,395,2024-01-24,Debit
850,10,2023-07-07,PayPal
851,195,2023-05-08,PayPal
852,118,2023-07-20,Credit Card
853,270,2023-05-07,Gift Card
854,80,2023-09-14,Debit
855,458,2023-06-13,PayPal
856,93,2023-02-04,Credit Card
857,266,2023-07-13,Debit
858,332,2023-07-10,PayPal
859,350,2023-04-14,Debit
860,361,2023-01-23,Credit Card
861,257,2023-09-22,Credit Card
862,133,2023-10-17,Debit
863,276,2024-01-19,Gift Card
864,264,2023-09-17,Debit
865,171,2023-12-24,PayPal
866,460,2023-03-16,Gift Card
867,1,2023-12-21,PayPal
868,313,2023-03-13,Debit
869,64,2023-09-16,Gift Card
870,374,2023-07-07,PayPal
871,468,2023-06-22,Debit
872,284,2023-10-17,Debit
873,121,2023-02-14,Gift Card
874,107,2023-03-02,Debit
875,421,2023-03-24,Credit Card
876,175,2023-05-03,PayPal
877,485,2023-12-24,PayPal
878,204,2023-01-16,Debit
879,165,2023-03-07,Debit
880,305,2023-05-25,Credit Card
881,497,2024-01-10,Gift Card
882,120,2023-06-11,Debit
883,44,2023-08-22,Debit
884,312,2024-01-15,Debit
885,156,2023-05-24,Debit
886,367,2023-12-24,PayPal
887,207,2023-07-07,Debit
888,390,2023-11-18,PayPal
889,108,2023-01-13,Debit
890,251,2023-07-03,Gift Card
891,445,2023-04-21,Credit Card
892,404,2023-10-17,Gift Card
893,370,2023-10-22,Debit
894,334,2024-01-27,Debit
895,130,2023-08-03,Debit
896,457,2023-04-30,Gift Card
897,293,2024-01-17,Debit
898,20,2023-02-24,Gift Card
899,282,2023-01-27,PayPal
900,285,2023-04-28,Credit Card
901,1,2023-08-09,Credit Card
902,119,2023-08-19,Gift Card
903,35,2023-02-22,PayPal
904,198,2023-10-22,Gift Card
905,485,2023-11-17,PayPal
906,245,2023-08-21,Debit
907,59,2023-06-07,PayPal
908,325,2023-09-26,PayPal
909,161,2023-01-21,PayPal
910,497,2023-02-22,Credit Card
911,179,2023-10-02,PayPal
912,206,2023-11-09,Debit
913,12,2023-10-08,Debit
914,490,2023-08-02,Debit
915,276,2023-01-31,PayPal
916,181,2023-12-03,Gift Card
917,242,2023-07-02,Gift Card
918,216,2023-01-23,Debit
919,251,2023-02-01,Credit Card
920,299,2023-03-15,Gift Card
921,126,2023-01-10,PayPal
922,482,2023-02-23,Gift Card
923,217,2023-02-21,Debit
924,306,2023-05-28,Credit Card
925,285,2023-06-09,Gift Card
926,185,2024-01-05,Gift Card
927,39,2023-01-14,Debit
928,223,2023-06-27,Credit Card
929,184,2024-01-01,Credit Card
930,495,2023-02-22,Debit
931,427,2023-12-01,PayPal
932,178,2023-01-22,Gift Card
933,407,2023-01-30,PayPal
934,428,2023-07-10,Gift Card
935,294,2023-09-17,Gift Card
936,340,2023-07-24,PayPal
937,151,2023-02-28,Debit
938,384,2023-09-21,Debit
939,126,2023-01-12,Gift Card
940,301,2023-04-29,Debit
941,308,2023-10-17,Gift Card
942,336,2023-12-04,Debit
943,434,2023-09-05,Gift Card
944,234,2023-12-20,Debit
945,380,2023-05-07,Credit Card
946,375,2023-03-16,PayPal
947,8,2023-12-27,Credit Card
948,498,2023-07-23,PayPal
949,341,2023-02-18,PayPal
950,129,2023-03-20,Gift Card
951,264,2023-08-29,PayPal
952,157,2023-12-15,Credit Card
953,352,2023-06-03,Credit Card
954,358,2023-10-01,Debit
955,5,2023-04-06,Credit Card
956,495,2023-08-02,Debit
957,86,2023-10-21,PayPal
958,175,2023-07-28,Credit Card
959,290,2023-12-09,PayPal
960,193,2023-03-29,Credit Card
961,311,2023-11-02,Credit Card
962,119,2023-09-21,Debit
963,218,2024-01-25,PayPal
964,427,2023-11-21,Credit Card
965,458,2024-01-12,Gift Card
966,414,2023-11-16,PayPal
967,114,2023-06-06,PayPal
968,466,2023-06-05,PayPal
969,145,2023-05-19,Debit
970,26,2023-05-01,Gift Card
971,136,2023-03-06,PayPal
972,303,2023-04-17,Credit Card
973,232,2023-05-27,Credit Card
974,369,2023-05-17,Debit
975,76,2023-06-11,Credit Card
976,475,2023-04-10,PayPal
977,328,2023-12-04,Credit Card
978,345,2023-11-03,PayPal
979,302,2023-05-21,Credit Card
980,452,2023-03-24,Gift Card
981,289,2023-06-26,Debit
982,1,2023-07-17,Debit
983,147,2023-04-22,Gift Card
984,287,2023-02-25,Gift Card
985,464,2023-06-28,Debit
986,142,2023-07-05,Gift Card
987,53,2023-08-06,PayPal
988,304,2023-11-12,Credit Card
989,69,2023-08-05,Debit
990,361,2023-04-30,Gift Card
991,90,2024-01-29,PayPal
992,446,2023-06-24,Debit
993,220,2023-01-23,Gift Card
994,450,2023-08-01,Debit
995,498,2023-08-23,Gift Card
996,192,2023-01-13,Debit
997,454,2023-04-11,PayPal
998,63,2023-01-24,PayPal
999,73,2023-12-30,Credit Card
1000,161,2023-01-11,Debit
1001,169,2023-09-30,Credit Card
1002,89,2023-10-08,Debit
1003,176,2023-04-04,Gift Card
1004,269,2023-07-20,Gift Card
1005,73,2023-01-21,Credit Card
1006,245,2023-12-06,Debit
1007,77,2023-07-30,Credit Card
1008,159,2023-05-20,PayPal
1009,489,2023-10-20,Credit Card
1010,459,2023-10-25,Credit Card
1011,324,2023-04-11,Gift Card
1012,98,2023-10-31,Credit Card
1013,381,2023-12-25,Debit
1014,102,2023-01-28,Gift Card
1015,494,2023-02-10,Credit Card
1016,132,2023-12-21,PayPal
1017,102,2023-10-30,Credit Card
1018,19,2023-05-26,Credit Card
1019,454,2023-09-13,Credit Card
1020,482,2023-08-15,Gift Card
1021,82,2023-08-24,Debit
1022,397,2023-12-27,PayPal
1023,489,2024-01-15,Credit Card
1024,279,2023-01-13,Debit
1025,339,2023-07-29,Debit
1026,365,2023-08-17,Gift Card
1027,331,2023-04-10,PayPal
1028,129,2023-01-31,Gift Card
1029,344,2024-01-21,Debit
1030,310,2023-01-16,Debit
1031,455,2023-05-17,Debit
1032,89,2023-11-25,Gift Card
1033,213,2023-06-15,PayPal
1034,143,2023-11-06,Credit Card
1035,65,2023-04-10,Gift Card
1036,76,2023-04-19,Debit
1037,199,2023-12-09,Gift Card
1038,143,2023-06-22,Debit
1039,405,2023-08-25,Credit Card
1040,403,2023-06-11,Credit Card
1041,316,2024-01-28,PayPal
1042,93,2023-08-04,Debit
1043,473,2023-09-21,PayPal
1044,417,2023-09-20,PayPal
1045,305,2023-10-19,Credit Card
1046,224,2023-10-01,Gift Card
1047,497,2023-01-03,Gift Card
1048,291,2023-01-28,PayPal
1049,428,2023-11-22,Credit Card
1050,102,2023-05-29,Debit
1051,474,2023-01-28,Gift Card
1052,267,2023-11-06,PayPal
1053,355,2023-03-06,Gift Card
1054,456,2023-12-22,Gift Card
1055,110,2023-01-21,Debit
1056,462,2023-09-09,Credit Card
1057,330,2023-08-23,Debit
1058,450,2023-08-15,Credit Card
1059,430,2023-01-13,Gift Card
1060,265,2023-11-09,PayPal
1061,3,2023-02-18,Debit
1062,85,2023-04-28,Credit Card
1063,282,2023-02-23,Gift Card
1064,328,2023-05-18,Credit Card
1065,304,2023-02-22,Credit Card
1066,450,2023-02-13,Credit Card
1067,454,2023-10-30,Gift Card
1068,412,2023-02-22,PayPal
1069,117,2023-03-15,PayPal
1070,221,2023-02-15,PayPal
1071,154,2023-01-13,Credit Card
1072,153,2023-06-14,Gift Card
1073,12,2023-04-12,Credit Card
1074,133,2023-10-07,PayPal
1075,482,2023-09-15,PayPal
1076,304,2023-12-03,Gift Card
1077,293,2023-12-22,Credit Card
1078,463,2023-05-18,Debit
1079,300,2023-06-12,Debit
1080,228,2024-01-22,PayPal
1081,271,2023-04-21,Gift Card
1082,43,2023-04-12,Credit Card
1083,432,2023-01-17,Credit Card
1084,343,2023-09-25,PayPal
1085,326,2023-07-01,PayPal
1086,302,2024-01-07,Credit Card
1087,498,2023-01-24,Credit Card
1088,364,2023-01-29,PayPal
1089,379,2023-06-20,Credit Card
1090,427,2023-08-16,Debit
1091,493,2024-01-13,PayPal
1092,21,2023-07-07,Credit Card
1093,407,2023-12-12,PayPal
1094,107,2023-08-18,Gift Card
1095,336,2023-11-17,PayPal
1096,303,2023-12-06,PayPal
1097,117,2023-04-29,Gift Card
1098,124,2023-06-05,Debit
1099,399,2023-09-29,Credit Card
1100,281,2023-06-24,Gift Card
1101,292,2023-04-14,PayPal
1102,203,2023-04-02,Credit Card
1103,51,2023-07-05,Gift Card
1104,271,2023-10-10,Credit Card
1105,324,2023-06-30,Credit Card
1106,277,2023-06-19,Gift Card
1107,141,2023-07-06,Credit Card
1108,470,2023-06-24,Debit
1109,275,2023-08-10,Gift Card
1110,290,2023-08-21,Debit
1111,334,2023-06-11,PayPal
1112,381,2023-05-14,Credit Card
1113,452,2024-01-26,PayPal
1114,496,2023-08-12,PayPal
1115,373,2023-06-02,Credit Card
1116,52,2023-02-02,Gift Card
1117,494,2023-02-24,Credit Card
1118,27,2023-01-07,PayPal
1119,157,2023-09-01,PayPal
1120,239,2023-11-09,Gift Card
1121,156,2023-05-06,Credit Card
1122,291,2023-01-12,PayPal
1123,136,2023-01-16,Debit
1124,144,2023-07-27,PayPal
1125,106,2023-02-12,PayPal
1126,420,2024-01-08,Gift Card
1127,158,2023-05-15,Debit
1128,146,2023-08-16,PayPal
1129,2,2023-04-21,PayPal
1130,433,2023-11-03,Debit
1131,77,2023-06-09,Credit Card
1132,132,2023-11-27,Credit Card
1133,90,2023-09-21,PayPal
1134,345,2023-08-13,PayPal
1135,350,2023-08-05,Credit Card
1136,459,2023-02-14,Gift Card
1137,263,2023-08-02,Debit
1138,351,2023-02-28,Debit
1139,108,2023-05-12,Gift Card
1140,74,2023-04-14,Gift Card
1141,39,2023-07-14,Gift Card
1142,397,2023-06-06,Gift Card
1143,159,2023-04-08,Gift Card
1144,71,2023-08-14,Gift Card
1145,447,2023-07-24,Debit
1146,312,2023-03-20,Gift Card
1147,241,2023-05-04,Credit Card
1148,426,2023-08-06,Gift Card
1149,445,2023-01-04,Gift Card
1150,298,2023-03-31,Debit
1151,440,2023-04-14,Debit
1152,36,2024-01-28,Gift Card
1153,84,2023-04-29,Debit
1154,452,2023-05-13,PayPal
1155,374,2023-11-08,Debit
1156,263,2023-04-06,Debit
1157,310,2023-11-27,Debit
1158,385,2023-05-23,Debit
1159,172,2023-10-15,Credit Card
1160,376,2023-01-28,Credit Card
1161,173,2023-10-05,Credit Card
1162,362,2023-08-21,Gift Card
1163,47,2023-01-17,Gift Card
1164,379,2023-02-28,PayPal
1165,141,2023-03-31,Credit Card
1166,375,2023-07-18,Gift Card
1167,406,2023-12-28,Debit
1168,118,2023-01-26,Debit
1169,277,2023-01-25,Credit Card
1170,214,2024-01-29,PayPal
1171,220,2023-10-28,PayPal
1172,393,2023-12-05,Debit
1173,26,2023-09-24,PayPal
1174,9,2023-06-30,Credit Card
1175,271,2023-12-26,Debit
1176,10,2023-03-09,Gift Card
1177,472,2023-12-17,Gift Card
1178,378,2023-11-17,PayPal
1179,121,2023-02-18,Debit
1180,125,2023-06-24,Debit
1181,170,2023-02-21,Gift Card
1182,72,2023-04-12,Debit
1183,152,2023-08-04,Debit
1184,208,2023-07-07,Debit
1185,49,2023-02-26,PayPal
1186,154,2023-02-16,Debit
1187,347,2023-06-08,Credit Card
1188,293,2023-06-23,PayPal
1189,68,2023-08-30,Debit
1190,50,2023-10-09,Debit
1191,152,2023-08-29,Credit Card
1192,19,2024-01-05,PayPal
1193,100,2023-01-05,Gift Card
1194,60,2023-03-25,Gift Card
1195,167,2023-11-04,PayPal
1196,202,2023-12-27,Debit
1197,345,2023-09-05,Debit
1198,146,2023-02-23,Gift Card
1199,403,2023-06-10,Gift Card
1200,164,2023-08-14,Gift Card
1201,458,2023-01-15,Credit Card
1202,481,2023-08-12,Gift Card
1203,439,2023-03-02,Credit Card
1204,242,2023-05-02,PayPal
1205,69,2023-10-04,Debit
1206,175,2023-02-15,Gift Card
1207,49,2024-01-25,Debit
1208,483,2023-10-21,Debit
1209,108,2023-03-03,Gift Card
1210,226,2023-03-27,Gift Card
1211,161,2023-07-29,PayPal
1212,119,2023-03-19,Credit Card
1213,149,2023-07-21,Credit Card
1214,465,2023-10-29,Debit
1215,150,2023-08-11,Gift Card
1216,432,2023-08-10,PayPal
1217,293,2023-01-03,PayPal
1218,143,2023-01-06,PayPal
1219,419,2023-04-03,PayPal
1220,476,2023-01-08,PayPal
1221,455,2023-08-23,Credit Card
1222,160,2023-04-18,Credit Card
1223,11,2023-06-10,Credit Card
1224,138,2023-07-28,Gift Card
1225,457,2023-08-28,Debit
1226,78,2023-11-27,PayPal
1227,77,2023-11-29,Gift Card
1228,441,2023-02-19,PayPal
1229,254,2023-01-11,Credit Card
1230,409,2023-12-17,Gift Card
1231,258,2023-06-05,Credit Card
1232,320,2023-03-11,PayPal
1233,291,2023-06-18,PayPal
1234,263,2023-09-29,Debit
1235,85,2023-03-09,PayPal
1236,146,2023-12-21,Credit Card
1237,323,2023-09-09,PayPal
1238,42,2023-02-17,Debit
1239,374,2023-07-03,Debit
1240,125,2023-11-16,Credit Card
1241,167,2023-07-06,Gift Card
1242,425,2023-03-31,PayPal
1243,241,2023-11-28,Debit
1244,459,2023-05-19,PayPal
1245,487,2023-12-23,PayPal
1246,280,2023-03-30,Gift Card
1247,188,2023-10-01,Debit
1248,302,2023-01-19,PayPal
1249,19,2023-11-07,Debit
1250,68,2023-12-24,Credit Card
1251,218,2024-01-09,Credit Card
1252,102,2023-06-03,PayPal
1253,42,2024-01-25,Debit
1254,288,2023-09-17,PayPal
1255,167,2023-04-18,Debit
1256,109,2024-01-06,Debit
1257,494,2023-10-12,Gift Card
1258,36,2023-02-28,Gift Card
1259,232,2023-05-05,Gift Card
1260,229,2023-12-20,PayPal
1261,353,2023-09-30,Gift Card
1262,164,2023-04-17,Gift Card
1263,387,2023-10-26,Credit Card
1264,73,2023-09-02,Debit
1265,136,2023-12-02,Debit
1266,353,2023-09-04,Gift Card
1267,379,2023-01-08,Debit
1268,70,2023-05-21,Credit Card
1269,425,2023-12-28,Credit Card
1270,487,2023-01-08,Gift Card
1271,196,2023-12-18,Credit Card
1272,269,2023-04-04,Debit
1273,49,2023-11-17,PayPal
1274,316,2023-02-08,Debit
1275,130,2023-03-22,PayPal
1276,444,2023-07-06,Gift Card
1277,5,2023-03-25,PayPal
1278,428,2023-03-29,Credit Card
1279,27,2023-08-30,Debit
1280,160,2023-12-08,PayPal
1281,149,2023-04-03,Debit
1282,264,2023-03-27,Gift Card
1283,230,2023-02-13,Gift Card
1284,200,2023-05-17,Credit Card
1285,50,2023-03-15,Gift Card
1286,67,2023-02-05,PayPal
1287,300,2023-04-11,Gift Card
1288,381,2023-06-05,Credit Card
1289,58,2023-09-12,Debit
1290,259,2023-06-20,Debit
1291,342,2023-08-04,Gift Card
1292,326,2023-06-19,PayPal
1293,130,2023-09-09,Credit Card
1294,215,2023-12-26,PayPal
1295,172,2023-11-18,Credit Card
1296,258,2023-02-24,Gift Card
1297,102,2023-04-01,Credit Card
1298,209,2023-10-05,Credit Card
1299,291,2023-04-11,Gift Card
1300,354,2023-06-04,PayPal
1301,471,2024-01-12,Gift Card
1302,286,2023-12-15,Credit Card
1303,116,2023-12-30,Gift Card
1304,264,2023-05-21,Credit Card
1305,150,2023-06-22,Gift Card
1306,300,2023-01-10,Debit
1307,442,2023-08-16,Debit
1308,36,2023-09-22,Gift Card
1309,453,2023-09-05,PayPal
1310,333,2023-09-04,Credit Card
1311,477,2023-06-04,Debit
1312,287,2023-02-03,PayPal
1313,303,2023-05-09,Credit Card
1314,311,2023-06-09,Debit
1315,208,2023-03-30,Debit
1316,106,2023-04-03,Gift Card
1317,446,2023-11-23,Credit Card
1318,158,2023-08-29,PayPal
1319,121,2023-11-19,PayPal
1320,55,2023-04-27,PayPal
1321,400,2023-04-04,Credit Card
1322,12,2023-06-12,PayPal
1323,145,2023-04-09,PayPal
1324,400,2023-04-23,PayPal
1325,396,2023-12-25,Gift Card
1326,136,2023-04-01,Gift Card
1327,468,2023-12-12,Credit Card
1328,3,2023-07-25,Credit Card
1329,144,2023-01-17,PayPal
1330,30,2023-10-01,Gift Card
1331,237,2023-06-22,Debit
1332,279,2023-04-26,Debit
1333,348,2023-12-15,PayPal
1334,115,2023-06-30,PayPal
1335,104,2023-04-01,Gift Card
1336,118,2023-03-23,Gift Card
1337,5,2023-11-20,Gift Card
1338,468,2023-04-24,Credit Card
1339,360,2023-09-14,Credit Card
1340,248,2023-02-27,PayPal
1341,364,2023-06-03,Credit Card
1342,321,2023-12-31,Gift Card
1343,121,2023-04-26,Gift Card
1344,286,2023-12-09,Credit Card
1345,149,2023-09-23,Debit
1346,84,2023-11-11,PayPal
1347,454,2023-07-22,Debit
1348,406,2023-02-10,PayPal
1349,466,2023-04-15,Debit
1350,456,2024-01-24,Credit Card
1351,231,2024-01-13,PayPal
1352,288,2023-07-12,PayPal
1353,161,2023-10-05,PayPal
1354,272,2023-12-20,Gift Card
1355,460,2023-08-25,Gift Card
1356,38,2023-08-09,Debit
1357,500,2023-03-09,Credit Card
1358,226,2023-07-16,Gift Card
1359,142,2023-09-13,PayPal
1360,292,2023-05-19,Gift Card
1361,481,2023-11-08,Credit Card
1362,151,2023-05-29,Gift Card
1363,114,2023-04-09,PayPal
1364,237,2023-03-17,Debit
1365,66,2023-10-09,PayPal
1366,361,2024-01-06,Credit Card
1367,341,2023-04-19,Debit
1368,258,2023-07-07,Gift Card
1369,475,2023-07-18,Gift Card
1370,249,2023-10-30,Gift Card
1371,457,2023-11-23,Debit
1372,449,2023-06-03,PayPal
1373,331,2023-02-09,Debit
1374,323,2023-05-13,Debit
1375,180,2023-05-12,Credit Card
1376,190,2023-10-06,Debit
1377,407,2023-12-28,Gift Card
1378,154,2023-03-25,PayPal
1379,196,2023-08-30,PayPal
1380,466,2023-04-26,PayPal
1381,311,2023-04-19,Gift Card
1382,262,2023-08-09,Gift Card
1383,419,2024-01-27,Gift Card
1384,406,2023-02-10,Gift Card
1385,427,2024-01-03,Gift Card
1386,143,2023-05-27,Debit
1387,342,2023-04-22,Gift Card
1388,316,2023-04-13,Gift Card
1389,101,2023-02-15,Gift Card
1390,244,2023-11-20,Gift Card
1391,490,2024-01-13,PayPal
1392,12,2023-09-28,Gift Card
1393,239,2024-01-20,Debit
1394,49,2023-07-14,Debit
1395,42,2024-01-02,Debit
1396,166,2023-10-07,Credit Card
1397,82,2023-10-10,PayPal
1398,429,2023-02-09,Gift Card
1399,291,2023-07-08,Credit Card
1400,158,2023-06-13,Gift Card
1401,216,2023-01-24,Credit Card
1402,490,2023-01-24,Credit Card
1403,158,2023-01-04,Debit
1404,462,2023-11-19,Debit
1405,134,2023-10-17,Credit Card
1406,67,2023-06-30,Debit
1407,336,2023-09-05,Credit Card
1408,7,2023-04-26,PayPal
1409,436,2023-10-06,Debit
1410,14,2023-12-31,Debit
1411,73,2023-03-10,Debit
1412,399,2023-12-17,PayPal
1413,405,2023-09-11,Credit Card
1414,163,2023-06-30,Gift Card
1415,66,2023-11-14,Debit
1416,347,2023-06-18,Credit Card
1417,130,2023-11-09,PayPal
1418,419,2023-09-06,Gift Card
1419,466,2023-07-07,Debit
1420,206,2023-02-23,PayPal
1421,276,2023-11-22,PayPal
1422,466,2023-12-23,Gift Card
1423,256,2023-11-09,Credit Card
1424,266,2023-05-18,Debit
1425,25,2023-06-17,Debit
1426,450,2024-01-26,Credit Card
1427,281,2023-04-13,Credit Card
1428,253,2023-03-26,Credit Card
1429,310,2023-11-13,Gift Card
1430,289,2023-07-31,Gift Card
1431,164,2023-01-03,Debit
1432,95,2024-01-19,Gift Card
1433,270,2023-06-28,PayPal
1434,321,2023-12-08,Debit
1435,110,2023-10-30,Gift Card
1436,336,2023-11-28,Credit Card
1437,310,2023-02-07,PayPal
1438,238,2023-08-27,Credit Card
1439,381,2023-06-18,Debit
1440,436,2023-12-09,Credit Card
1441,387,2023-11-10,Gift Card
1442,483,2023-11-02,Gift Card
1443,425,2023-01-30,Debit
1444,390,2023-07-09,Credit Card
1445,25,2023-12-23,Debit
1446,141,2023-01-25,Credit Card
1447,117,2023-04-22,PayPal
1448,482,2023-07-25,Gift Card
1449,392,2023-07-04,Debit
1450,405,2024-01-17,PayPal
1451,482,2024-01-14,PayPal
1452,452,2023-02-16,Debit
1453,25,2024-01-09,Debit
1454,79,2023-08-16,PayPal
1455,68,2023-02-08,Credit Card
1456,173,2023-01-16,PayPal
1457,444,2023-01-22,Debit
1458,12,2023-08-01,PayPal
1459,288,2023-11-06,Credit Card
1460,128,2023-05-29,Gift Card
1461,96,2023-08-29,Gift Card
1462,92,2023-09-29,PayPal
1463,141,2023-02-28,Credit Card
1464,31,2023-10-14,Gift Card
1465,334,2023-07-21,PayPal
1466,20,2023-02-01,PayPal
1467,146,2023-06-11,Credit Card
1468,477,2023-09-12,Debit
1469,316,2023-09-11,PayPal
1470,447,2023-01-09,Debit
1471,390,2023-05-19,Debit
1472,160,2023-01-10,Gift Card
1473,349,2023-08-02,Debit
1474,43,2023-09-30,Credit Card
1475,254,2023-11-20,Gift Card
1476,130,2023-02-17,Gift Card
1477,60,2023-04-21,Gift Card
1478,151,2023-06-02,PayPal
1479,467,2023-05-03,PayPal
1480,287,2023-12-23,Debit
1481,499,2023-04-12,Gift Card
1482,5,2023-08-29,Gift Card
1483,467,2023-11-17,Credit Card
1484,418,2023-07-10,Debit
1485,266,2023-08-05,Credit Card
1486,345,2023-02-20,Debit
1487,130,2023-10-19,Debit
1488,382,2023-03-22,PayPal
1489,267,2024-01-18,PayPal
1490,178,2023-03-29,Credit Card
1491,253,2023-07-13,Debit
1492,415,2023-04-14,Gift Card
1493,56,2023-09-28,PayPal
1494,463,2023-04-06,Gift Card
1495,457,2024-01-14,Credit Card
1496,471,2023-07-17,PayPal
1497,83,2023-01-01,PayPal
1498,393,2024-01-13,Debit
1499,99,2023-06-16,Credit Card
1500,149,2023-05-06,Debit
1501,329,2023-11-09,PayPal
1502,156,2023-03-22,Credit Card
1503,190,2023-09-08,PayPal
1504,494,2023-06-18,Credit Card
1505,371,2023-03-14,PayPal
1506,263,2023-05-21,Gift Card
1507,80,2023-03-11,Gift Card
1508,400,2023-09-19,Debit
1509,252,2023-12-06,Gift Card
1510,97,2023-11-04,PayPal
1511,260,2023-09-02,PayPal
1512,260,2023-01-03,Gift Card
1513,103,2023-12-03,Debit
1514,40,2023-03-04,Gift Card
1515,273,2023-02-18,Credit Card
1516,101,2023-03-17,Credit Card
1517,359,2024-01-03,Credit Card
1518,380,2023-06-24,Gift Card
1519,308,2023-04-19,Gift Card
1520,221,2023-07-02,Gift Card
1521,308,2023-07-11,Credit Card
1522,420,2023-03-06,Debit
1523,124,2023-12-03,PayPal
1524,422,2023-09-28,Gift Card
1525,231,2023-04-10,Debit
1526,178,2023-02-01,PayPal
1527,63,2023-12-18,PayPal
1528,485,2023-05-08,PayPal
1529,116,2024-01-04,Debit
1530,191,2023-12-05,Debit
1531,62,2023-02-12,Credit Card
1532,256,2024-01-07,Debit
1533,483,2023-03-19,Debit
1534,7,2023-11-10,Debit
1535,155,2023-10-16,PayPal
1536,92,2023-09-27,Gift Card
1537,470,2023-06-11,Credit Card
1538,14,2023-07-08,Gift Card
1539,455,2023-09-04,Gift Card
1540,229,2024-01-23,Debit
1541,86,2023-08-04,Credit Card
1542,133,2023-11-11,Gift Card
1543,183,2023-12-05,Gift Card
1544,386,2024-01-25,Credit Card
1545,62,2024-01-12,Debit
1546,219,2023-06-17,Gift Card
1547,405,2023-12-05,PayPal
1548,246,2023-07-12,Gift Card
1549,230,2023-10-10,PayPal
1550,79,2023-12-02,Debit
1551,149,2024-01-25,Gift Card
1552,138,2023-01-13,Credit Card
1553,471,2023-08-28,Credit Card
1554,314,2023-11-16,Gift Card
1555,376,2023-05-27,Debit
1556,423,2023-07-23,Debit
1557,389,2023-03-21,Credit Card
1558,65,2024-01-14,Gift Card
1559,13,2023-02-12,Debit
1560,213,2023-03-30,Credit Card
1561,474,2023-05-28,PayPal
1562,242,2023-04-05,Gift Card
1563,493,2023-05-31,PayPal
1564,213,2023-01-02,PayPal
1565,181,2024-01-11,Debit
1566,338,2023-01-22,Debit
1567,485,2024-01-06,Debit
1568,173,2023-11-09,Gift Card
1569,160,2023-11-24,PayPal
1570,164,2023-01-07,Gift Card
1571,465,2023-07-25,Debit
1572,483,2024-01-10,PayPal
1573,497,2023-04-24,Gift Card
1574,188,2023-09-29,Gift Card
1575,395,2023-03-24,Credit Card
1576,191,2023-06-28,Gift Card
1577,405,2023-07-29,Debit
1578,308,2023-11-24,Gift Card
1579,256,2023-05-04,PayPal
1580,183,2023-04-23,Gift Card
1581,117,2023-01-12,Credit Card
1582,282,2023-05-06,PayPal
1583,196,2023-02-22,PayPal
1584,34,2023-11-27,Credit Card
1585,52,2024-01-24,Debit
1586,112,2023-10-10,PayPal
1587,252,2023-05-20,Debit
1588,82,2024-01-25,PayPal
1589,232,2023-04-07,PayPal
1590,227,2023-01-05,Debit
1591,233,2023-02-26,PayPal
1592,221,2023-11-30,Debit
1593,436,2023-03-10,Credit Card
1594,413,2023-04-28,Debit
1595,422,2024-01-11,Credit Card
1596,42,2023-02-28,PayPal
1597,21,2023-02-02,Debit
1598,42,2023-11-14,PayPal
1599,397,2023-02-19,Debit
1600,113,2024-01-03,Credit Card
1601,105,2023-01-19,Credit Card
1602,192,2023-08-02,Debit
1603,17,2023-07-16,Credit Card
1604,120,2024-01-14,PayPal
1605,393,2023-02-16,PayPal
1606,425,2023-06-16,Gift Card
1607,129,2023-10-16,Credit Card
1608,130,2023-05-21,PayPal
1609,60,2023-03-25,Debit
1610,48,2023-07-01,Credit Card
1611,29,2024-01-26,PayPal
1612,97,2023-03-20,Credit Card
1613,10,2023-08-03,Debit
1614,242,2023-01-14,PayPal
1615,314,2023-08-03,Gift Card
1616,444,2023-05-08,Gift Card
1617,232,2023-11-06,Credit Card
1618,277,2023-09-05,Debit
1619,284,2023-01-29,PayPal
1620,203,2023-10-07,Debit
1621,247,2023-12-04,PayPal
1622,290,2023-11-15,Credit Card
1623,264,2023-07-21,PayPal
1624,443,2023-12-27,Debit
1625,214,2023-02-26,Debit
1626,200,2024-01-27,Credit Card
1627,433,2023-08-06,Debit
1628,79,2023-03-03,PayPal
1629,401,2023-06-06,Credit Card
1630,444,2023-07-21,PayPal
1631,343,2023-01-17,Debit
1632,344,2023-11-18,Credit Card
1633,173,2023-01-06,PayPal
1634,467,2023-02-27,Debit
1635,69,2023-11-21,Debit
1636,416,2023-11-14,Gift Card
1637,428,2023-06-18,Debit
1638,449,2023-03-23,PayPal
1639,87,2023-08-07,Credit Card
1640,101,2023-06-26,Gift Card
1641,8,2023-07-23,Debit
1642,333,2023-03-12,Debit
1643,200,2024-01-22,Debit
1644,87,2023-09-23,PayPal
1645,43,2023-04-08,Gift Card
1646,385,2023-12-11,PayPal
1647,109,2023-10-18,Gift Card
1648,435,2023-07-27,Credit Card
1649,408,2023-01-02,PayPal
1650,483,2023-05-04,PayPal
1651,152,2023-10-07,Credit Card
1652,17,2023-03-15,Gift Card
1653,133,2023-06-15,Debit
1654,148,2023-01-22,Credit Card
1655,277,2023-06-03,Debit
1656,232,2023-10-22,Debit
1657,314,2023-08-07,Credit Card
1658,415,2023-06-06,Gift Card
1659,366,2023-08-18,Debit
1660,228,2023-01-20,Credit Card
1661,139,2023-02-10,PayPal
1662,436,2023-05-28,PayPal
1663,399,2023-04-18,PayPal
1664,211,2023-03-25,Credit Card
1665,391,2024-01-02,PayPal
1666,499,2023-11-18,Debit
1667,28,2023-11-05,PayPal
1668,51,2023-10-17,PayPal
1669,491,2023-11-19,Debit
1670,442,2023-05-14,PayPal
1671,261,2023-07-26,Debit
1672,261,2023-10-10,PayPal
1673,350,2023-09-23,Debit
1674,352,2023-03-14,PayPal
1675,8,2023-12-18,Debit
1676,320,2023-02-17,Credit Card
1677,138,2023-11-22,Debit
1678,38,2023-08-21,PayPal
1679,111,2023-04-10,PayPal
1680,480,2023-02-28,Gift Card
1681,368,2023-09-15,Debit
1682,220,2023-03-06,Credit Card
1683,337,2023-03-24,Debit
1684,223,2023-06-03,Debit
1685,136,2023-09-23,Credit Card
1686,256,2023-11-05,Debit
1687,360,2023-03-20,Credit Card
1688,409,2023-11-11,Credit Card
1689,329,2023-05-30,Debit
1690,450,2023-02-17,Debit
1691,463,2024-01-14,PayPal
1692,434,2023-09-05,PayPal
1693,451,2023-10-05,Gift Card
1694,49,2023-12-22,Gift Card
1695,292,2023-04-08,Debit
1696,382,2023-01-25,Credit Card
1697,324,2023-10-11,Gift Card
1698,78,2024-01-04,Debit
1699,105,2023-10-28,Gift Card
1700,169,2023-03-09,Credit Card
1701,217,2023-01-07,Debit
1702,378,2023-11-01,Credit Card
1703,119,2023-05-17,Debit
1704,190,2023-06-13,Gift Card
1705,255,2023-03-24,PayPal
1706,370,2024-01-20,Gift Card
1707,266,2023-05-18,Gift Card
1708,149,2023-03-14,PayPal
1709,164,2023-08-25,PayPal
1710,140,2023-02-15,Debit
1711,347,2023-04-16,Debit
1712,488,2023-10-15,Credit Card
1713,258,2023-09-19,Credit Card
1714,374,2023-06-25,Gift Card
1715,269,2023-06-15,PayPal
1716,181,2023-05-25,Credit Card
1717,160,2023-11-26,Gift Card
1718,351,2024-01-05,PayPal
1719,400,2023-10-10,Debit
1720,288,2023-02-23,Gift Card
1721,288,2023-06-27,Debit
1722,380,2023-09-01,Credit Card
1723,226,2023-12-07,Credit Card
1724,11,2023-05-07,PayPal
1725,10,2024-01-02,Gift Card
1726,271,2023-09-28,Debit
1727,273,2023-05-12,PayPal
1728,424,2023-04-03,Credit Card
1729,402,2024-01-14,Credit Card
1730,183,2023-03-14,Gift Card
1731,457,2023-09-05,Debit
1732,153,2023-12-14,Gift Card
1733,488,2023-09-30,Debit
1734,315,2023-02-12,Debit
1735,334,2024-01-12,Gift Card
1736,124,2023-02-10,PayPal
1737,473,2023-06-19,Gift Card
1738,114,2023-07-31,Gift Card
1739,278,2023-06-17,Credit Card
1740,500,2023-02-08,Credit Card
1741,414,2024-01-04,Gift Card
1742,468,2023-09-02,Gift Card
1743,213,2023-05-31,Credit Card
1744,172,2023-04-21,Debit
1745,288,2023-02-16,Gift Card
1746,435,2023-03-04,PayPal
1747,174,2023-08-13,PayPal
1748,113,2024-01-01,PayPal
1749,376,2023-03-10,Gift Card
1750,405,2023-10-26,Debit
1751,483,2023-10-17,Debit
1752,122,2023-10-23,Credit Card
1753,32,2023-07-22,Gift Card
1754,222,2023-03-02,Debit
1755,119,2023-11-14,Gift Card
1756,39,2023-11-10,Credit Card
1757,497,2023-06-10,Credit Card
1758,268,2023-11-27,Credit Card
1759,233,2023-01-16,PayPal
1760,431,2023-12-04,Gift Card
1761,18,2023-04-04,Credit Card
1762,149,2023-10-31,Gift Card
1763,397,2023-05-18,PayPal
1764,149,2023-12-04,PayPal
1765,126,2023-02-07,Credit Card
1766,392,2023-05-07,Credit Card
1767,302,2023-10-02,Debit
1768,360,2023-06-13,Gift Card
1769,238,2023-11-15,Credit Card
1770,135,2023-03-18,Debit
1771,151,2023-06-23,Gift Card
1772,236,2024-01-22,Credit Card
1773,224,2023-12-24,Debit
1774,203,2023-11-17,Debit
1775,256,2024-01-11,Gift Card
1776,86,2023-04-01,Debit
1777,150,2023-08-26,Gift Card
1778,235,2023-09-21,Gift Card
1779,345,2023-06-28,Gift Card
1780,22,2023-07-28,PayPal
1781,348,2023-03-14,Debit
1782,285,2024-01-25,Gift Card
1783,269,2023-04-17,Credit Card
1784,466,2023-12-11,PayPal
1785,258,2023-10-22,PayPal
1786,29,2024-01-04,Debit
1787,213,2023-10-11,Gift Card
1788,463,2023-12-19,Debit
1789,436,2023-07-01,PayPal
1790,283,2023-02-06,Gift Card
1791,50,2023-05-17,Credit Card
1792,95,2023-12-04,Gift Card
1793,463,2023-02-25,PayPal
1794,499,2023-07-06,Credit Card
1795,407,2023-12-07,Gift Card
1796,88,2023-09-15,Credit Card
1797,44,2023-02-27,Credit Card
1798,461,2023-12-29,PayPal
1799,278,2023-05-03,Credit Card
1800,171,2023-07-07,Debit
1801,421,2023-08-18,PayPal
1802,189,2023-06-17,Debit
1803,353,2023-04-24,Credit Card
1804,184,2023-09-09,Debit
1805,3,2023-04-17,Gift Card
1806,191,2023-02-06,Credit Card
1807,118,2023-12-01,Gift Card
1808,19,2023-04-02,Debit
1809,23,2023-01-18,Gift Card
1810,413,2023-12-20,Credit Card
1811,30,2023-03-04,Gift Card
1812,295,2023-05-30,Debit
1813,108,2023-05-19,Debit
1814,367,2023-07-05,Debit
1815,281,2023-07-04,Credit Card
1816,128,2023-07-24,Debit
1817,229,2023-09-17,Credit Card
1818,111,2023-08-02,Gift Card
1819,136,2023-09-13,Debit
1820,362,2023-05-15,Gift Card
1821,186,2023-03-02,PayPal
1822,144,2023-12-29,Gift Card
1823,72,2023-11-06,PayPal
1824,129,2023-03-29,Gift Card
1825,364,2023-11-20,Credit Card
1826,261,2023-07-26,Gift Card
1827,3,2023-05-09,Credit Card
1828,449,2023-11-07,Credit Card
1829,388,2023-01-03,Debit
1830,104,2023-08-30,Credit Card
1831,483,2023-05-01,PayPal
1832,224,2024-01-20,Debit
1833,320,2023-04-12,Debit
1834,362,2023-02-07,Gift Card
1835,354,2023-12-07,Credit Card
1836,491,2023-05-13,Credit Card
1837,473,2023-07-21,PayPal
1838,10,2023-12-14,Gift Card
1839,405,2023-01-21,Gift Card
1840,384,2023-08-30,Debit
1841,302,2023-04-19,Debit
1842,231,2023-10-30,Debit
1843,219,2023-03-25,PayPal
1844,411,2023-03-24,PayPal
1845,66,2023-10-18,Debit
1846,425,2023-03-10,Gift Card
1847,112,2023-05-09,PayPal
1848,13,2023-07-15,Gift Card
1849,393,2023-05-20,Gift Card
1850,500,2023-10-10,Credit Card
1851,420,2023-11-08,Debit
1852,86,2023-08-22,Credit Card
1853,234,2023-01-23,Debit
1854,90,2023-06-02,Debit
1855,314,2023-10-04,Gift Card
1856,54,2023-03-02,Debit
1857,12,2023-11-15,Gift Card
1858,209,2024-01-13,Gift Card
1859,462,2023-02-21,Debit
1860,14,2023-12-10,Gift Card
1861,121,2023-06-02,Gift Card
1862,418,2023-08-25,Gift Card
1863,437,2023-11-07,PayPal
1864,377,2023-10-29,Gift Card
1865,20,2023-02-01,PayPal
1866,75,2023-02-24,PayPal
1867,400,2023-12-18,Gift Card
1868,243,2024-01-24,Gift Card
1869,223,2023-02-05,PayPal
1870,70,2023-04-20,PayPal
1871,312,2023-06-26,Gift Card
1872,211,2023-12-28,Gift Card
1873,101,2023-11-10,Debit
1874,186,2023-10-22,PayPal
1875,132,2023-12-02,PayPal
1876,111,2023-04-07,Debit
1877,381,2024-01-04,PayPal
1878,132,2023-08-01,Credit Card
1879,20,2023-11-13,PayPal
1880,394,2023-05-17,Debit
1881,24,2023-01-06,Credit Card
1882,227,2023-04-19,Gift Card
1883,154,2023-02-04,Debit
1884,293,2023-02-08,Debit
1885,230,2023-05-30,Gift Card
1886,469,2023-04-28,Debit
1887,310,2023-09-18,PayPal
1888,488,2023-03-28,Gift Card
1889,359,2023-03-17,Debit
1890,405,2023-11-09,Gift Card
1891,202,2024-01-18,Gift Card
1892,38,2023-08-02,Gift Card
1893,430,2023-10-12,Credit Card
1894,260,2023-08-27,Debit
1895,188,2023-06-14,Credit Card
1896,57,2023-03-28,Debit
1897,429,2023-05-21,PayPal
1898,20,2023-06-09,PayPal
1899,273,2023-02-15,PayPal
1900,119,2024-01-07,Debit
1901,71,2023-04-22,Gift Card
1902,4,2023-02-14,Gift Card
1903,221,2023-09-04,Credit Card
1904,14,2023-04-14,Credit Card
1905,3,2023-03-26,PayPal
1906,216,2023-05-14,Credit Card
1907,229,2023-04-18,Debit
1908,336,2023-01-18,Debit
1909,186,2023-04-04,Credit Card
1910,55,2023-05-30,Credit Card
1911,500,2023-09-03,Credit Card
1912,388,2023-10-16,Credit Card
1913,376,2023-07-28,PayPal
1914,254,2023-05-06,PayPal
1915,24,2023-08-23,Credit Card
1916,162,2023-05-02,Debit
1917,158,2023-05-18,PayPal
1918,82,2023-04-25,Debit
1919,403,2023-06-11,Gift Card
1920,159,2023-07-20,Debit
1921,188,2023-08-22,Credit Card
1922,60,2023-01-28,Gift Card
1923,403,2023-01-11,PayPal
1924,305,2023-07-25,PayPal
1925,319,2023-06-16,Gift Card
1926,366,2023-09-04,Debit
1927,211,2023-02-16,PayPal
1928,406,2023-09-03,Credit Card
1929,152,2023-05-07,Gift Card
1930,109,2023-05-27,Credit Card
1931,76,2023-04-28,Gift Card
1932,30,2024-01-17,PayPal
1933,314,2023-06-01,Debit
1934,486,2023-03-13,Gift Card
1935,117,2023-12-29,Gift Card
1936,415,2023-05-17,Credit Card
1937,356,2023-06-24,PayPal
1938,192,2023-10-16,Credit Card
1939,19,2023-01-19,PayPal
1940,432,2023-07-14,Credit Card
1941,173,2023-11-26,Gift Card
1942,228,2023-06-24,Credit Card
1943,350,2023-12-20,Debit
1944,183,2023-05-21,PayPal
1945,113,2023-09-03,PayPal
1946,183,2024-01-20,Gift Card
1947,481,2023-04-03,PayPal
1948,146,2023-08-27,Debit
1949,319,2023-07-24,Credit Card
1950,116,2023-02-17,Gift Card
1951,113,2023-09-02,Debit
1952,251,2023-11-16,PayPal
1953,476,2023-11-13,PayPal
1954,251,2023-10-22,Debit
1955,303,2023-05-08,Credit Card
1956,459,2023-12-10,Credit Card
1957,313,2023-10-09,Gift Card
1958,118,2023-01-17,PayPal
1959,301,2023-03-12,Debit
1960,161,2023-09-26,Credit Card
1961,401,2023-11-21,Gift Card
1962,198,2023-10-09,PayPal
1963,260,2023-11-01,PayPal
1964,148,2023-01-07,Gift Card
1965,240,2023-11-10,Gift Card
1966,47,2023-11-01,Credit Card
1967,475,2023-04-13,Debit
1968,399,2023-11-05,PayPal
1969,198,2023-07-12,Debit
1970,47,2023-08-29,PayPal
1971,78,2023-03-03,PayPal
1972,124,2023-01-17,Debit
1973,75,2023-06-20,Gift Card
1974,359,2023-01-25,Credit Card
1975,137,2023-09-08,PayPal
1976,90,2023-09-10,Gift Card
1977,400,2024-01-22,PayPal
1978,325,2023-07-26,Credit Card
1979,500,2023-01-29,PayPal
1980,61,2023-04-27,Credit Card
1981,138,2023-10-09,Credit Card
1982,50,2024-01-15,PayPal
1983,259,2023-05-24,PayPal
1984,461,2023-01-25,Credit Card
1985,107,2023-11-06,Gift Card
1986,113,2023-06-05,Debit
1987,350,2023-03-14,Credit Card
1988,254,2023-04-30,PayPal
1989,118,2023-11-08,PayPal
1990,493,2023-11-17,Gift Card
1991,198,2023-04-03,Debit
1992,337,2023-03-27,Credit Card
1993,365,2023-12-02,Credit Card
1994,51,2023-12-30,Debit
1995,245,2023-04-28,Credit Card
1996,403,2023-08-21,Debit
1997,426,2023-07-18,PayPal
1998,35,2023-07-25,Debit
1999,302,2023-12-05,Credit Card
2000,410,2023-05-27,Debit
